제품코드,분류명,세부분류명,제품명,색상,원가,단가
1,컴포넌트,Saddles,Adjustable Race,NA,,
2,컴포넌트,Cranksets,Bearing Ball,NA,,
3,컴포넌트,Cranksets,BB Ball Bearing,NA,,
4,컴포넌트,Headsets,Headset Ball Bearings,NA,,
5,컴포넌트,Forks,Blade,NA,,
6,컴포넌트,Chains,LL Crankarm,Black,,
7,컴포넌트,Chains,ML Crankarm,Black,,
8,컴포넌트,Chains,HL Crankarm,Black,,
9,컴포넌트,Chains,Chainring Bolts,Silver,,
10,컴포넌트,Chains,Chainring Nut,Silver,,
11,컴포넌트,Chains,Chainring,Black,,
12,컴포넌트,Saddles,Crown Race,NA,,
13,컴포넌트,Chains,Chain Stays,NA,,
14,컴포넌트,Touring Frames,Decal 1,NA,,
15,컴포넌트,Touring Frames,Decal 2,NA,,
16,컴포넌트,Touring Frames,Down Tube,NA,,
17,컴포넌트,Touring Frames,Mountain End Caps,NA,,
18,컴포넌트,Touring Frames,Road End Caps,NA,,
19,컴포넌트,Touring Frames,Touring End Caps,NA,,
20,컴포넌트,Saddles,Fork End,NA,,
21,컴포넌트,Wheels,Freewheel,Silver,,
22,컴포넌트,Saddles,Flat Washer 1,NA,,
23,컴포넌트,Saddles,Flat Washer 6,NA,,
24,컴포넌트,Saddles,Flat Washer 2,NA,,
25,컴포넌트,Saddles,Flat Washer 9,NA,,
26,컴포넌트,Saddles,Flat Washer 4,NA,,
27,컴포넌트,Saddles,Flat Washer 3,NA,,
28,컴포넌트,Saddles,Flat Washer 8,NA,,
29,컴포넌트,Saddles,Flat Washer 5,NA,,
30,컴포넌트,Saddles,Flat Washer 7,NA,,
31,컴포넌트,Saddles,Fork Crown,NA,,
32,컴포넌트,Brakes,Front Derailleur Cage,Silver,,
33,컴포넌트,Brakes,Front Derailleur Linkage,Silver,,
34,컴포넌트,Brakes,Guide Pulley,NA,,
35,컴포넌트,Handlebars,LL Grip Tape,NA,,
36,컴포넌트,Handlebars,ML Grip Tape,NA,,
37,컴포넌트,Handlebars,HL Grip Tape,NA,,
38,컴포넌트,Cranksets,Thin-Jam Hex Nut 9,NA,,
39,컴포넌트,Cranksets,Thin-Jam Hex Nut 10,NA,,
40,컴포넌트,Cranksets,Thin-Jam Hex Nut 1,NA,,
41,컴포넌트,Cranksets,Thin-Jam Hex Nut 2,NA,,
42,컴포넌트,Cranksets,Thin-Jam Hex Nut 15,NA,,
43,컴포넌트,Cranksets,Thin-Jam Hex Nut 16,NA,,
44,컴포넌트,Cranksets,Thin-Jam Hex Nut 5,NA,,
45,컴포넌트,Cranksets,Thin-Jam Hex Nut 6,NA,,
46,컴포넌트,Cranksets,Thin-Jam Hex Nut 3,NA,,
47,컴포넌트,Cranksets,Thin-Jam Hex Nut 4,NA,,
48,컴포넌트,Cranksets,Thin-Jam Hex Nut 13,NA,,
49,컴포넌트,Cranksets,Thin-Jam Hex Nut 14,NA,,
50,컴포넌트,Cranksets,Thin-Jam Hex Nut 7,NA,,
51,컴포넌트,Cranksets,Thin-Jam Hex Nut 8,NA,,
52,컴포넌트,Cranksets,Thin-Jam Hex Nut 12,NA,,
53,컴포넌트,Cranksets,Thin-Jam Hex Nut 11,NA,,
54,컴포넌트,Cranksets,Hex Nut 5,NA,,
55,컴포넌트,Cranksets,Hex Nut 6,NA,,
56,컴포넌트,Cranksets,Hex Nut 16,NA,,
57,컴포넌트,Cranksets,Hex Nut 17,NA,,
58,컴포넌트,Cranksets,Hex Nut 7,NA,,
59,컴포넌트,Cranksets,Hex Nut 8,NA,,
60,컴포넌트,Cranksets,Hex Nut 9,NA,,
61,컴포넌트,Cranksets,Hex Nut 22,NA,,
62,컴포넌트,Cranksets,Hex Nut 23,NA,,
63,컴포넌트,Cranksets,Hex Nut 12,NA,,
64,컴포넌트,Cranksets,Hex Nut 13,NA,,
65,컴포넌트,Cranksets,Hex Nut 1,NA,,
66,컴포넌트,Cranksets,Hex Nut 10,NA,,
67,컴포넌트,Cranksets,Hex Nut 11,NA,,
68,컴포넌트,Cranksets,Hex Nut 2,NA,,
69,컴포넌트,Cranksets,Hex Nut 20,NA,,
70,컴포넌트,Cranksets,Hex Nut 21,NA,,
71,컴포넌트,Cranksets,Hex Nut 3,NA,,
72,컴포넌트,Cranksets,Hex Nut 14,NA,,
73,컴포넌트,Cranksets,Hex Nut 15,NA,,
74,컴포넌트,Cranksets,Hex Nut 4,NA,,
75,컴포넌트,Cranksets,Hex Nut 18,NA,,
76,컴포넌트,Cranksets,Hex Nut 19,NA,,
77,컴포넌트,Handlebars,Handlebar Tube,NA,,
78,컴포넌트,Handlebars,Head Tube,NA,,
79,컴포넌트,Touring Frames,LL Hub,NA,,
80,컴포넌트,Touring Frames,HL Hub,NA,,
81,컴포넌트,Touring Frames,Keyed Washer,NA,,
82,컴포넌트,Touring Frames,External Lock Washer 3,NA,,
83,컴포넌트,Touring Frames,External Lock Washer 4,NA,,
84,컴포넌트,Touring Frames,External Lock Washer 9,NA,,
85,컴포넌트,Touring Frames,External Lock Washer 5,NA,,
86,컴포넌트,Touring Frames,External Lock Washer 7,NA,,
87,컴포넌트,Touring Frames,External Lock Washer 6,NA,,
88,컴포넌트,Touring Frames,External Lock Washer 1,NA,,
89,컴포넌트,Touring Frames,External Lock Washer 8,NA,,
90,컴포넌트,Touring Frames,External Lock Washer 2,NA,,
91,컴포넌트,Touring Frames,Internal Lock Washer 3,NA,,
92,컴포넌트,Touring Frames,Internal Lock Washer 4,NA,,
93,컴포넌트,Touring Frames,Internal Lock Washer 9,NA,,
94,컴포넌트,Touring Frames,Internal Lock Washer 5,NA,,
95,컴포넌트,Touring Frames,Internal Lock Washer 7,NA,,
96,컴포넌트,Touring Frames,Internal Lock Washer 6,NA,,
97,컴포넌트,Touring Frames,Internal Lock Washer 10,NA,,
98,컴포넌트,Touring Frames,Internal Lock Washer 1,NA,,
99,컴포넌트,Touring Frames,Internal Lock Washer 8,NA,,
100,컴포넌트,Touring Frames,Internal Lock Washer 2,NA,,
101,컴포넌트,Cranksets,Thin-Jam Lock Nut 9,NA,,
102,컴포넌트,Cranksets,Thin-Jam Lock Nut 10,NA,,
103,컴포넌트,Cranksets,Thin-Jam Lock Nut 1,NA,,
104,컴포넌트,Cranksets,Thin-Jam Lock Nut 2,NA,,
105,컴포넌트,Cranksets,Thin-Jam Lock Nut 15,NA,,
106,컴포넌트,Cranksets,Thin-Jam Lock Nut 16,NA,,
107,컴포넌트,Cranksets,Thin-Jam Lock Nut 5,NA,,
108,컴포넌트,Cranksets,Thin-Jam Lock Nut 6,NA,,
109,컴포넌트,Cranksets,Thin-Jam Lock Nut 3,NA,,
110,컴포넌트,Cranksets,Thin-Jam Lock Nut 4,NA,,
111,컴포넌트,Cranksets,Thin-Jam Lock Nut 13,NA,,
112,컴포넌트,Cranksets,Thin-Jam Lock Nut 14,NA,,
113,컴포넌트,Cranksets,Thin-Jam Lock Nut 7,NA,,
114,컴포넌트,Cranksets,Thin-Jam Lock Nut 8,NA,,
115,컴포넌트,Cranksets,Thin-Jam Lock Nut 12,NA,,
116,컴포넌트,Cranksets,Thin-Jam Lock Nut 11,NA,,
117,컴포넌트,Cranksets,Lock Nut 5,NA,,
118,컴포넌트,Cranksets,Lock Nut 6,NA,,
119,컴포넌트,Cranksets,Lock Nut 16,NA,,
120,컴포넌트,Cranksets,Lock Nut 17,NA,,
121,컴포넌트,Cranksets,Lock Nut 7,NA,,
122,컴포넌트,Cranksets,Lock Nut 8,NA,,
123,컴포넌트,Cranksets,Lock Nut 9,NA,,
124,컴포넌트,Cranksets,Lock Nut 22,NA,,
125,컴포넌트,Cranksets,Lock Nut 23,NA,,
126,컴포넌트,Cranksets,Lock Nut 12,NA,,
127,컴포넌트,Cranksets,Lock Nut 13,NA,,
128,컴포넌트,Cranksets,Lock Nut 1,NA,,
129,컴포넌트,Cranksets,Lock Nut 10,NA,,
130,컴포넌트,Cranksets,Lock Nut 11,NA,,
131,컴포넌트,Cranksets,Lock Nut 2,NA,,
132,컴포넌트,Cranksets,Lock Nut 20,NA,,
133,컴포넌트,Cranksets,Lock Nut 21,NA,,
134,컴포넌트,Cranksets,Lock Nut 3,NA,,
135,컴포넌트,Cranksets,Lock Nut 14,NA,,
136,컴포넌트,Cranksets,Lock Nut 15,NA,,
137,컴포넌트,Cranksets,Lock Nut 4,NA,,
138,컴포넌트,Cranksets,Lock Nut 19,NA,,
139,컴포넌트,Cranksets,Lock Nut 18,NA,,
140,컴포넌트,Cranksets,Lock Ring,Silver,,
141,컴포넌트,Touring Frames,Lower Head Race,NA,,
142,컴포넌트,Touring Frames,Lock Washer 4,NA,,
143,컴포넌트,Touring Frames,Lock Washer 5,NA,,
144,컴포넌트,Touring Frames,Lock Washer 10,NA,,
145,컴포넌트,Touring Frames,Lock Washer 6,NA,,
146,컴포넌트,Touring Frames,Lock Washer 13,NA,,
147,컴포넌트,Touring Frames,Lock Washer 8,NA,,
148,컴포넌트,Touring Frames,Lock Washer 1,NA,,
149,컴포넌트,Touring Frames,Lock Washer 7,NA,,
150,컴포넌트,Touring Frames,Lock Washer 12,NA,,
151,컴포넌트,Touring Frames,Lock Washer 2,NA,,
152,컴포넌트,Touring Frames,Lock Washer 9,NA,,
153,컴포넌트,Touring Frames,Lock Washer 3,NA,,
154,컴포넌트,Touring Frames,Lock Washer 11,NA,,
155,컴포넌트,Handlebars,Metal Angle,NA,,
156,컴포넌트,Handlebars,Metal Bar 1,NA,,
157,컴포넌트,Handlebars,Metal Bar 2,NA,,
158,컴포넌트,Handlebars,Metal Plate 2,NA,,
159,컴포넌트,Handlebars,Metal Plate 1,NA,,
160,컴포넌트,Handlebars,Metal Plate 3,NA,,
161,컴포넌트,Handlebars,Metal Sheet 2,NA,,
162,컴포넌트,Handlebars,Metal Sheet 3,NA,,
163,컴포넌트,Handlebars,Metal Sheet 7,NA,,
164,컴포넌트,Handlebars,Metal Sheet 4,NA,,
165,컴포넌트,Handlebars,Metal Sheet 5,NA,,
166,컴포넌트,Handlebars,Metal Sheet 6,NA,,
167,컴포넌트,Handlebars,Metal Sheet 1,NA,,
168,컴포넌트,Handlebars,Metal Tread Plate,NA,,
169,컴포넌트,Cranksets,LL Nipple,NA,,
170,컴포넌트,Cranksets,HL Nipple,NA,,
171,컴포넌트,Road Frames,Paint - Black,NA,,
172,컴포넌트,Road Frames,Paint - Red,NA,,
173,컴포넌트,Road Frames,Paint - Silver,NA,,
174,컴포넌트,Road Frames,Paint - Blue,NA,,
175,컴포넌트,Road Frames,Paint - Yellow,NA,,
176,컴포넌트,Cranksets,Pinch Bolt,NA,,
177,컴포넌트,Derailleurs,Cup-Shaped Race,NA,,
178,컴포넌트,Derailleurs,Cone-Shaped Race,NA,,
179,컴포넌트,Derailleurs,Reflector,NA,,
180,컴포넌트,Derailleurs,LL Mountain Rim,NA,,
181,컴포넌트,Derailleurs,ML Mountain Rim,NA,,
182,컴포넌트,Derailleurs,HL Mountain Rim,NA,,
183,컴포넌트,Derailleurs,LL Road Rim,NA,,
184,컴포넌트,Derailleurs,ML Road Rim,NA,,
185,컴포넌트,Derailleurs,HL Road Rim,NA,,
186,컴포넌트,Derailleurs,Touring Rim,NA,,
187,컴포넌트,Derailleurs,LL Mountain Seat Assembly,NA,,
188,컴포넌트,Derailleurs,ML Mountain Seat Assembly,NA,,
189,컴포넌트,Derailleurs,HL Mountain Seat Assembly,NA,,
190,컴포넌트,Derailleurs,LL Road Seat Assembly,NA,,
191,컴포넌트,Derailleurs,ML Road Seat Assembly,NA,,
192,컴포넌트,Derailleurs,HL Road Seat Assembly,NA,,
193,컴포넌트,Derailleurs,LL Touring Seat Assembly,NA,,
194,컴포넌트,Derailleurs,ML Touring Seat Assembly,NA,,
195,컴포넌트,Derailleurs,HL Touring Seat Assembly,NA,,
196,컴포넌트,Derailleurs,LL Spindle/Axle,NA,,
197,컴포넌트,Derailleurs,HL Spindle/Axle,NA,,
198,컴포넌트,Derailleurs,LL Shell,NA,,
199,컴포넌트,Derailleurs,HL Shell,NA,,
200,컴포넌트,Road Frames,Spokes,NA,,
201,컴포넌트,Road Frames,Seat Lug,NA,,
202,컴포넌트,Road Frames,Stem,NA,,
203,컴포넌트,Road Frames,Seat Post,NA,,
204,컴포넌트,Road Frames,Steerer,NA,,
205,컴포넌트,Road Frames,Seat Stays,NA,,
206,컴포넌트,Road Frames,Seat Tube,NA,,
207,컴포넌트,Road Frames,Top Tube,NA,-17.4,-21.32
208,컴포넌트,Road Frames,Tension Pulley,NA,-15.1,-18.7
209,컴포넌트,Road Frames,Rear Derailleur Cage,Silver,-13.3,-14.5
210,컴포넌트,Road Frames,"HL Road Frame - Black, 58",Black,12.03,33.6442
211,컴포넌트,Road Frames,"HL Road Frame - Red, 58",Red,12.03,33.6442
212,액세서리,Helmets,Sport-100 Helmet - Red,Red,12.03,24.32
213,액세서리,Helmets,Sport-100 Helmet - Red,Red,13.88,24.32
214,액세서리,Helmets,Sport-100 Helmet - Red,Red,13.09,34.99
215,액세서리,Helmets,Sport-100 Helmet - Black,Black,12.03,24.32
216,액세서리,Helmets,Sport-100 Helmet - Black,Black,13.88,24.32
217,액세서리,Helmets,Sport-100 Helmet - Black,Black,13.09,34.99
218,의류,Socks,"Mountain Bike Socks, M",White,3.4,9.5
219,의류,Socks,"Mountain Bike Socks, L",White,3.4,9.5
220,액세서리,Helmets,Sport-100 Helmet - Blue,Blue,12.03,24.32
221,액세서리,Helmets,Sport-100 Helmet - Blue,Blue,13.88,24.32
222,액세서리,Helmets,Sport-100 Helmet - Blue,Blue,13.09,34.99
223,의류,Caps,AWC Logo Cap,Multi,5.71,8.6442
224,의류,Caps,AWC Logo Cap,Multi,5.23,8.6442
225,의류,Caps,AWC Logo Cap,Multi,6.92,8.99
226,의류,Jerseys,"Long-Sleeve Logo Jersey, S",Multi,31.72,48.0673
227,의류,Jerseys,"Long-Sleeve Logo Jersey, S",Multi,29.08,48.0673
228,의류,Jerseys,"Long-Sleeve Logo Jersey, S",Multi,38.49,49.99
229,의류,Jerseys,"Long-Sleeve Logo Jersey, M",Multi,31.72,48.0673
230,의류,Jerseys,"Long-Sleeve Logo Jersey, M",Multi,29.08,48.0673
231,의류,Jerseys,"Long-Sleeve Logo Jersey, M",Multi,38.49,49.99
232,의류,Jerseys,"Long-Sleeve Logo Jersey, L",Multi,31.72,48.0673
233,의류,Jerseys,"Long-Sleeve Logo Jersey, L",Multi,29.08,48.0673
234,의류,Jerseys,"Long-Sleeve Logo Jersey, L",Multi,38.49,49.99
235,의류,Jerseys,"Long-Sleeve Logo Jersey, XL",Multi,31.72,48.0673
236,의류,Jerseys,"Long-Sleeve Logo Jersey, XL",Multi,29.08,48.0673
237,의류,Jerseys,"Long-Sleeve Logo Jersey, XL",Multi,38.49,49.99
238,컴포넌트,Road Frames,"HL Road Frame - Red, 62",Red,747.97,1263.4598
239,컴포넌트,Road Frames,"HL Road Frame - Red, 62",Red,722.26,1301.3636
240,컴포넌트,Road Frames,"HL Road Frame - Red, 62",Red,868.63,1431.5
241,컴포넌트,Road Frames,"HL Road Frame - Red, 44",Red,747.97,1263.4598
242,컴포넌트,Road Frames,"HL Road Frame - Red, 44",Red,722.26,1301.3636
243,컴포넌트,Road Frames,"HL Road Frame - Red, 44",Red,868.63,1431.5
244,컴포넌트,Road Frames,"HL Road Frame - Red, 48",Red,747.97,1263.4598
245,컴포넌트,Road Frames,"HL Road Frame - Red, 48",Red,722.26,1301.3636
246,컴포넌트,Road Frames,"HL Road Frame - Red, 48",Red,868.63,1431.5
247,컴포넌트,Road Frames,"HL Road Frame - Red, 52",Red,747.97,1263.4598
248,컴포넌트,Road Frames,"HL Road Frame - Red, 52",Red,722.26,1301.3636
249,컴포넌트,Road Frames,"HL Road Frame - Red, 52",Red,868.63,1431.5
250,컴포넌트,Road Frames,"HL Road Frame - Red, 56",Red,747.97,1263.4598
251,컴포넌트,Road Frames,"HL Road Frame - Red, 56",Red,722.26,1301.3636
252,컴포넌트,Road Frames,"HL Road Frame - Red, 56",Red,868.63,1431.5
253,컴포넌트,Road Frames,"LL Road Frame - Black, 58",Black,176.2,297.6346
254,컴포넌트,Road Frames,"LL Road Frame - Black, 58",Black,170.14,306.5636
255,컴포넌트,Road Frames,"LL Road Frame - Black, 58",Black,204.63,337.22
256,컴포넌트,Road Frames,"LL Road Frame - Black, 60",Black,176.2,297.6346
257,컴포넌트,Road Frames,"LL Road Frame - Black, 60",Black,170.14,306.5636
258,컴포넌트,Road Frames,"LL Road Frame - Black, 60",Black,204.63,337.22
259,컴포넌트,Road Frames,"LL Road Frame - Black, 62",Black,176.2,297.6346
260,컴포넌트,Road Frames,"LL Road Frame - Black, 62",Black,170.14,306.5636
261,컴포넌트,Road Frames,"LL Road Frame - Black, 62",Black,204.63,337.22
262,컴포넌트,Road Frames,"LL Road Frame - Red, 44",Red,181.49,306.5636
263,컴포넌트,Road Frames,"LL Road Frame - Red, 44",Red,187.16,337.22
264,컴포넌트,Road Frames,"LL Road Frame - Red, 48",Red,181.49,306.5636
265,컴포넌트,Road Frames,"LL Road Frame - Red, 48",Red,187.16,337.22
266,컴포넌트,Road Frames,"LL Road Frame - Red, 52",Red,181.49,306.5636
267,컴포넌트,Road Frames,"LL Road Frame - Red, 52",Red,187.16,337.22
268,컴포넌트,Road Frames,"LL Road Frame - Red, 58",Red,181.49,306.5636
269,컴포넌트,Road Frames,"LL Road Frame - Red, 58",Red,187.16,337.22
270,컴포넌트,Road Frames,"LL Road Frame - Red, 60",Red,181.49,306.5636
271,컴포넌트,Road Frames,"LL Road Frame - Red, 60",Red,187.16,337.22
272,컴포넌트,Road Frames,"LL Road Frame - Red, 62",Red,181.49,306.5636
273,컴포넌트,Road Frames,"LL Road Frame - Red, 62",Red,187.16,337.22
274,컴포넌트,Road Frames,"ML Road Frame - Red, 44",Red,352.14,594.83
275,컴포넌트,Road Frames,"ML Road Frame - Red, 48",Red,352.14,594.83
276,컴포넌트,Road Frames,"ML Road Frame - Red, 52",Red,352.14,594.83
277,컴포넌트,Road Frames,"ML Road Frame - Red, 58",Red,352.14,594.83
278,컴포넌트,Road Frames,"ML Road Frame - Red, 60",Red,352.14,594.83
279,컴포넌트,Road Frames,"LL Road Frame - Black, 44",Black,176.2,297.6346
280,컴포넌트,Road Frames,"LL Road Frame - Black, 44",Black,170.14,306.5636
281,컴포넌트,Road Frames,"LL Road Frame - Black, 44",Black,204.63,337.22
282,컴포넌트,Road Frames,"LL Road Frame - Black, 48",Black,176.2,297.6346
283,컴포넌트,Road Frames,"LL Road Frame - Black, 48",Black,170.14,306.5636
284,컴포넌트,Road Frames,"LL Road Frame - Black, 48",Black,204.63,337.22
285,컴포넌트,Road Frames,"LL Road Frame - Black, 52",Black,176.2,297.6346
286,컴포넌트,Road Frames,"LL Road Frame - Black, 52",Black,170.14,306.5636
287,컴포넌트,Road Frames,"LL Road Frame - Black, 52",Black,204.63,337.22
288,컴포넌트,Mountain Frames,"HL Mountain Frame - Silver, 42",Silver,623.84,1204.3248
289,컴포넌트,Mountain Frames,"HL Mountain Frame - Silver, 42",Silver,660.91,1240.4545
290,컴포넌트,Mountain Frames,"HL Mountain Frame - Silver, 42",Silver,747.2,1364.5
291,컴포넌트,Mountain Frames,"HL Mountain Frame - Silver, 44",Silver,706.81,1364.5
292,컴포넌트,Mountain Frames,"HL Mountain Frame - Silver, 48",Silver,706.81,1364.5
293,컴포넌트,Mountain Frames,"HL Mountain Frame - Silver, 46",Silver,623.84,1204.3248
294,컴포넌트,Mountain Frames,"HL Mountain Frame - Silver, 46",Silver,660.91,1240.4545
295,컴포넌트,Mountain Frames,"HL Mountain Frame - Silver, 46",Silver,747.2,1364.5
296,컴포넌트,Mountain Frames,"HL Mountain Frame - Black, 42",Black,617.03,1191.1739
297,컴포넌트,Mountain Frames,"HL Mountain Frame - Black, 42",Black,653.7,1226.9091
298,컴포넌트,Mountain Frames,"HL Mountain Frame - Black, 42",Black,739.04,1349.6
299,컴포넌트,Mountain Frames,"HL Mountain Frame - Black, 44",Black,699.09,1349.6
300,컴포넌트,Mountain Frames,"HL Mountain Frame - Black, 48",Black,699.09,1349.6
301,컴포넌트,Mountain Frames,"HL Mountain Frame - Black, 46",Black,617.03,1191.1739
302,컴포넌트,Mountain Frames,"HL Mountain Frame - Black, 46",Black,653.7,1226.9091
303,컴포넌트,Mountain Frames,"HL Mountain Frame - Black, 46",Black,739.04,1349.6
304,컴포넌트,Mountain Frames,"HL Mountain Frame - Black, 38",Black,617.03,1191.1739
305,컴포넌트,Mountain Frames,"HL Mountain Frame - Black, 38",Black,653.7,1226.9091
306,컴포넌트,Mountain Frames,"HL Mountain Frame - Black, 38",Black,739.04,1349.6
307,컴포넌트,Mountain Frames,"HL Mountain Frame - Silver, 38",Silver,623.84,1204.3248
308,컴포넌트,Mountain Frames,"HL Mountain Frame - Silver, 38",Silver,660.91,1240.4545
309,컴포넌트,Mountain Frames,"HL Mountain Frame - Silver, 38",Silver,747.2,1364.5
310,자전거,Road Bikes,"Road-150 Red, 62",Red,2171.29,3578.27
311,자전거,Road Bikes,"Road-150 Red, 44",Red,2171.29,3578.27
312,자전거,Road Bikes,"Road-150 Red, 48",Red,2171.29,3578.27
313,자전거,Road Bikes,"Road-150 Red, 52",Red,2171.29,3578.27
314,자전거,Road Bikes,"Road-150 Red, 56",Red,2171.29,3578.27
315,자전거,Road Bikes,"Road-450 Red, 58",Red,884.71,1457.99
316,자전거,Road Bikes,"Road-450 Red, 60",Red,884.71,1457.99
317,자전거,Road Bikes,"Road-450 Red, 44",Red,884.71,1457.99
318,자전거,Road Bikes,"Road-450 Red, 48",Red,884.71,1457.99
319,자전거,Road Bikes,"Road-450 Red, 52",Red,884.71,1457.99
320,자전거,Road Bikes,"Road-650 Red, 58",Red,413.15,699.0982
321,자전거,Road Bikes,"Road-650 Red, 58",Red,486.71,782.99
322,자전거,Road Bikes,"Road-650 Red, 60",Red,413.15,699.0982
323,자전거,Road Bikes,"Road-650 Red, 60",Red,486.71,782.99
324,자전거,Road Bikes,"Road-650 Red, 62",Red,413.15,699.0982
325,자전거,Road Bikes,"Road-650 Red, 62",Red,486.71,782.99
326,자전거,Road Bikes,"Road-650 Red, 44",Red,413.15,699.0982
327,자전거,Road Bikes,"Road-650 Red, 44",Red,486.71,782.99
328,자전거,Road Bikes,"Road-650 Red, 48",Red,413.15,699.0982
329,자전거,Road Bikes,"Road-650 Red, 48",Red,486.71,782.99
330,자전거,Road Bikes,"Road-650 Red, 52",Red,413.15,699.0982
331,자전거,Road Bikes,"Road-650 Red, 52",Red,486.71,782.99
332,자전거,Road Bikes,"Road-650 Black, 58",Black,413.15,699.0982
333,자전거,Road Bikes,"Road-650 Black, 58",Black,486.71,782.99
334,자전거,Road Bikes,"Road-650 Black, 60",Black,413.15,699.0982
335,자전거,Road Bikes,"Road-650 Black, 60",Black,486.71,782.99
336,자전거,Road Bikes,"Road-650 Black, 62",Black,413.15,699.0982
337,자전거,Road Bikes,"Road-650 Black, 62",Black,486.71,782.99
338,자전거,Road Bikes,"Road-650 Black, 44",Black,413.15,699.0982
339,자전거,Road Bikes,"Road-650 Black, 44",Black,486.71,782.99
340,자전거,Road Bikes,"Road-650 Black, 48",Black,413.15,699.0982
341,자전거,Road Bikes,"Road-650 Black, 48",Black,486.71,782.99
342,자전거,Road Bikes,"Road-650 Black, 52",Black,413.15,699.0982
343,자전거,Road Bikes,"Road-650 Black, 52",Black,486.71,782.99
344,자전거,Mountain Bikes,"Mountain-100 Silver, 38",Silver,1912.15,3399.99
345,자전거,Mountain Bikes,"Mountain-100 Silver, 42",Silver,1912.15,3399.99
346,자전거,Mountain Bikes,"Mountain-100 Silver, 44",Silver,1912.15,3399.99
347,자전거,Mountain Bikes,"Mountain-100 Silver, 48",Silver,1912.15,3399.99
348,자전거,Mountain Bikes,"Mountain-100 Black, 38",Black,1898.09,3374.99
349,자전거,Mountain Bikes,"Mountain-100 Black, 42",Black,1898.09,3374.99
350,자전거,Mountain Bikes,"Mountain-100 Black, 44",Black,1898.09,3374.99
351,자전거,Mountain Bikes,"Mountain-100 Black, 48",Black,1898.09,3374.99
352,자전거,Mountain Bikes,"Mountain-200 Silver, 38",Silver,1117.86,2071.4196
353,자전거,Mountain Bikes,"Mountain-200 Silver, 38",Silver,1265.62,2319.99
354,자전거,Mountain Bikes,"Mountain-200 Silver, 42",Silver,1117.86,2071.4196
355,자전거,Mountain Bikes,"Mountain-200 Silver, 42",Silver,1265.62,2319.99
356,자전거,Mountain Bikes,"Mountain-200 Silver, 46",Silver,1117.86,2071.4196
357,자전거,Mountain Bikes,"Mountain-200 Silver, 46",Silver,1265.62,2319.99
358,자전거,Mountain Bikes,"Mountain-200 Black, 38",Black,1105.81,2049.0982
359,자전거,Mountain Bikes,"Mountain-200 Black, 38",Black,1251.98,2294.99
360,자전거,Mountain Bikes,"Mountain-200 Black, 42",Black,1105.81,2049.0982
361,자전거,Mountain Bikes,"Mountain-200 Black, 42",Black,1251.98,2294.99
362,자전거,Mountain Bikes,"Mountain-200 Black, 46",Black,1105.81,2049.0982
363,자전거,Mountain Bikes,"Mountain-200 Black, 46",Black,1251.98,2294.99
364,자전거,Mountain Bikes,"Mountain-300 Black, 38",Black,598.44,1079.99
365,자전거,Mountain Bikes,"Mountain-300 Black, 40",Black,598.44,1079.99
366,자전거,Mountain Bikes,"Mountain-300 Black, 44",Black,598.44,1079.99
367,자전거,Mountain Bikes,"Mountain-300 Black, 48",Black,598.44,1079.99
368,자전거,Road Bikes,"Road-250 Red, 44",Red,1518.79,2443.35
369,자전거,Road Bikes,"Road-250 Red, 48",Red,1518.79,2443.35
370,자전거,Road Bikes,"Road-250 Red, 52",Red,1518.79,2443.35
371,자전거,Road Bikes,"Road-250 Red, 58",Red,1320.68,2181.5625
372,자전거,Road Bikes,"Road-250 Red, 58",Red,1554.95,2443.35
373,자전거,Road Bikes,"Road-250 Black, 44",Black,1320.68,2181.5625
374,자전거,Road Bikes,"Road-250 Black, 44",Black,1554.95,2443.35
375,자전거,Road Bikes,"Road-250 Black, 48",Black,1320.68,2181.5625
376,자전거,Road Bikes,"Road-250 Black, 48",Black,1554.95,2443.35
377,자전거,Road Bikes,"Road-250 Black, 52",Black,1320.68,2181.5625
378,자전거,Road Bikes,"Road-250 Black, 52",Black,1554.95,2443.35
379,자전거,Road Bikes,"Road-250 Black, 58",Black,1320.68,2181.5625
380,자전거,Road Bikes,"Road-250 Black, 58",Black,1554.95,2443.35
381,자전거,Road Bikes,"Road-550-W Yellow, 38",Yellow,605.65,1000.4375
382,자전거,Road Bikes,"Road-550-W Yellow, 38",Yellow,713.08,1120.49
383,자전거,Road Bikes,"Road-550-W Yellow, 40",Yellow,605.65,1000.4375
384,자전거,Road Bikes,"Road-550-W Yellow, 40",Yellow,713.08,1120.49
385,자전거,Road Bikes,"Road-550-W Yellow, 42",Yellow,605.65,1000.4375
386,자전거,Road Bikes,"Road-550-W Yellow, 42",Yellow,713.08,1120.49
387,자전거,Road Bikes,"Road-550-W Yellow, 44",Yellow,605.65,1000.4375
388,자전거,Road Bikes,"Road-550-W Yellow, 44",Yellow,713.08,1120.49
389,자전거,Road Bikes,"Road-550-W Yellow, 48",Yellow,605.65,1000.4375
390,자전거,Road Bikes,"Road-550-W Yellow, 48",Yellow,713.08,1120.49
391,컴포넌트,Forks,LL Fork,NA,65.81,148.22
392,컴포넌트,Forks,ML Fork,NA,77.92,175.49
393,컴포넌트,Forks,HL Fork,NA,101.89,229.49
394,컴포넌트,Headsets,LL Headset,NA,15.18,34.2
395,컴포넌트,Headsets,ML Headset,NA,45.42,102.29
396,컴포넌트,Headsets,HL Headset,NA,55.38,124.73
397,컴포넌트,Handlebars,LL Mountain Handlebars,NA,17.98,40.4909
398,컴포넌트,Handlebars,LL Mountain Handlebars,NA,19.78,44.54
399,컴포넌트,Handlebars,ML Mountain Handlebars,NA,24.99,56.2909
400,컴포넌트,Handlebars,ML Mountain Handlebars,NA,27.49,61.92
401,컴포넌트,Handlebars,HL Mountain Handlebars,NA,48.55,109.3364
402,컴포넌트,Handlebars,HL Mountain Handlebars,NA,53.4,120.27
403,컴포넌트,Handlebars,LL Road Handlebars,NA,17.98,40.4909
404,컴포넌트,Handlebars,LL Road Handlebars,NA,19.78,44.54
405,컴포넌트,Handlebars,ML Road Handlebars,NA,24.99,56.2909
406,컴포넌트,Handlebars,ML Road Handlebars,NA,27.49,61.92
407,컴포넌트,Handlebars,HL Road Handlebars,NA,48.55,109.3364
408,컴포넌트,Handlebars,HL Road Handlebars,NA,53.4,120.27
409,컴포넌트,Mountain Frames,"ML Mountain Frame - Black, 38",Black,185.82,348.76
410,컴포넌트,Wheels,LL Mountain Front Wheel,Black,26.97,60.745
411,컴포넌트,Wheels,ML Mountain Front Wheel,Black,92.81,209.025
412,컴포넌트,Wheels,HL Mountain Front Wheel,Black,133.3,300.215
413,컴포넌트,Wheels,LL Road Front Wheel,Black,37.99,85.565
414,컴포넌트,Wheels,ML Road Front Wheel,Black,110.28,248.385
415,컴포넌트,Wheels,HL Road Front Wheel,Black,146.55,330.06
416,컴포넌트,Wheels,Touring Front Wheel,Black,96.8,218.01
417,컴포넌트,Road Frames,"ML Road Frame-W - Yellow, 38",Yellow,300.12,540.7545
418,컴포넌트,Road Frames,"ML Road Frame-W - Yellow, 38",Yellow,360.94,594.83
419,컴포넌트,Wheels,LL Mountain Rear Wheel,Black,38.96,87.745
420,컴포넌트,Wheels,ML Mountain Rear Wheel,Black,104.8,236.025
421,컴포넌트,Wheels,HL Mountain Rear Wheel,Black,145.28,327.215
422,컴포넌트,Wheels,LL Road Rear Wheel,Black,49.98,112.565
423,컴포넌트,Wheels,ML Road Rear Wheel,Black,122.27,275.385
424,컴포넌트,Wheels,HL Road Rear Wheel,Black,158.53,357.06
425,컴포넌트,Wheels,Touring Rear Wheel,Black,108.78,245.01
426,컴포넌트,Mountain Frames,"ML Mountain Frame - Black, 40",Black,185.82,348.76
427,컴포넌트,Mountain Frames,"ML Mountain Frame - Black, 44",Black,185.82,348.76
428,컴포넌트,Mountain Frames,"ML Mountain Frame - Black, 48",Black,185.82,348.76
429,컴포넌트,Road Frames,"ML Road Frame-W - Yellow, 40",Yellow,300.12,540.7545
430,컴포넌트,Road Frames,"ML Road Frame-W - Yellow, 40",Yellow,360.94,594.83
431,컴포넌트,Road Frames,"ML Road Frame-W - Yellow, 42",Yellow,300.12,540.7545
432,컴포넌트,Road Frames,"ML Road Frame-W - Yellow, 42",Yellow,360.94,594.83
433,컴포넌트,Road Frames,"ML Road Frame-W - Yellow, 44",Yellow,300.12,540.7545
434,컴포넌트,Road Frames,"ML Road Frame-W - Yellow, 44",Yellow,360.94,594.83
435,컴포넌트,Road Frames,"ML Road Frame-W - Yellow, 48",Yellow,300.12,540.7545
436,컴포넌트,Road Frames,"ML Road Frame-W - Yellow, 48",Yellow,360.94,594.83
437,컴포넌트,Road Frames,"HL Road Frame - Black, 62",Black,722.26,1301.3636
438,컴포넌트,Road Frames,"HL Road Frame - Black, 62",Black,868.63,1431.5
439,컴포넌트,Road Frames,"HL Road Frame - Black, 44",Black,722.26,1301.3636
440,컴포넌트,Road Frames,"HL Road Frame - Black, 44",Black,868.63,1431.5
441,컴포넌트,Road Frames,"HL Road Frame - Black, 48",Black,722.26,1301.3636
442,컴포넌트,Road Frames,"HL Road Frame - Black, 48",Black,868.63,1431.5
443,컴포넌트,Road Frames,"HL Road Frame - Black, 52",Black,722.26,1301.3636
444,컴포넌트,Road Frames,"HL Road Frame - Black, 52",Black,868.63,1431.5
445,의류,Shorts,"Men's Sports Shorts, S",Black,24.75,59.99
446,액세서리,Panniers,"Touring-Panniers, Large",Grey,51.56,88
447,액세서리,Locks,Cable Lock,NA,10.31,18.45
448,액세서리,Pumps,Minipump,NA,8.25,12.5
449,액세서리,Pumps,Mountain Pump,NA,10.31,15.35
450,액세서리,Lights,Taillights - Battery-Powered,NA,5.77,13.99
451,액세서리,Lights,Headlights - Dual-Beam,NA,14.43,34.99
452,액세서리,Lights,Headlights - Weatherproof,NA,18.56,44.99
453,의류,Shorts,"Men's Sports Shorts, M",Black,24.75,59.99
454,의류,Shorts,"Men's Sports Shorts, L",Black,24.75,59.99
455,의류,Shorts,"Men's Sports Shorts, XL",Black,24.75,59.99
456,의류,Tights,"Women's Tights, S",Black,30.93,74.99
457,의류,Tights,"Women's Tights, M",Black,30.93,74.99
458,의류,Tights,"Women's Tights, L",Black,30.93,74.99
459,의류,Bib-Shorts,"Men's Bib-Shorts, S",Multi,37.12,89.99
460,의류,Bib-Shorts,"Men's Bib-Shorts, M",Multi,37.12,89.99
461,의류,Bib-Shorts,"Men's Bib-Shorts, L",Multi,37.12,89.99
462,의류,Gloves,"Half-Finger Gloves, S",Black,9.71,23.5481
463,의류,Gloves,"Half-Finger Gloves, S",Black,9.16,24.49
464,의류,Gloves,"Half-Finger Gloves, M",Black,9.71,23.5481
465,의류,Gloves,"Half-Finger Gloves, M",Black,9.16,24.49
466,의류,Gloves,"Half-Finger Gloves, L",Black,9.71,23.5481
467,의류,Gloves,"Half-Finger Gloves, L",Black,9.16,24.49
468,의류,Gloves,"Full-Finger Gloves, S",Black,15.67,37.99
469,의류,Gloves,"Full-Finger Gloves, M",Black,15.67,37.99
470,의류,Gloves,"Full-Finger Gloves, L",Black,15.67,37.99
471,의류,Vests,"Classic Vest, S",Blue,23.75,63.5
472,의류,Vests,"Classic Vest, M",Blue,23.75,63.5
473,의류,Vests,"Classic Vest, L",Blue,23.75,63.5
474,의류,Shorts,"Women's Mountain Shorts, S",Black,26.18,69.99
475,의류,Shorts,"Women's Mountain Shorts, M",Black,26.18,69.99
476,의류,Shorts,"Women's Mountain Shorts, L",Black,26.18,69.99
477,액세서리,Bottles and Cages,Water Bottle - 30 oz.,NA,1.87,4.99
478,액세서리,Bottles and Cages,Mountain Bottle Cage,NA,3.74,9.99
479,액세서리,Bottles and Cages,Road Bottle Cage,NA,3.36,8.99
480,액세서리,Tires and Tubes,Patch Kit/8 Patches,NA,0.86,2.29
481,의류,Socks,"Racing Socks, M",White,3.36,8.99
482,의류,Socks,"Racing Socks, L",White,3.36,8.99
483,액세서리,Bike Racks,Hitch Rack - 4-Bike,NA,44.88,87
484,액세서리,Cleaners,Bike Wash - Dissolver,NA,2.97,7.95
485,액세서리,Fenders,Fender Set - Mountain,NA,8.22,11.98
486,액세서리,Bike Stands,All-Purpose Bike Stand,NA,59.47,159
487,액세서리,Hydration Packs,Hydration Pack - 70 oz.,Silver,20.57,24.99
488,의류,Jerseys,"Short-Sleeve Classic Jersey, S",Yellow,41.57,53.99
489,의류,Jerseys,"Short-Sleeve Classic Jersey, M",Yellow,41.57,53.99
490,의류,Jerseys,"Short-Sleeve Classic Jersey, L",Yellow,41.57,53.99
491,의류,Jerseys,"Short-Sleeve Classic Jersey, XL",Yellow,41.57,53.99
492,컴포넌트,Touring Frames,"HL Touring Frame - Yellow, 60",Yellow,601.74,1003.91
493,컴포넌트,Touring Frames,"LL Touring Frame - Yellow, 62",Yellow,199.85,333.42
494,컴포넌트,Touring Frames,"HL Touring Frame - Yellow, 46",Yellow,601.74,1003.91
495,컴포넌트,Touring Frames,"HL Touring Frame - Yellow, 50",Yellow,601.74,1003.91
496,컴포넌트,Touring Frames,"HL Touring Frame - Yellow, 54",Yellow,601.74,1003.91
497,컴포넌트,Touring Frames,"HL Touring Frame - Blue, 46",Blue,601.74,1003.91
498,컴포넌트,Touring Frames,"HL Touring Frame - Blue, 50",Blue,601.74,1003.91
499,컴포넌트,Touring Frames,"HL Touring Frame - Blue, 54",Blue,601.74,1003.91
500,컴포넌트,Touring Frames,"HL Touring Frame - Blue, 60",Blue,601.74,1003.91
501,컴포넌트,Derailleurs,Rear Derailleur,Silver,53.93,121.46
502,컴포넌트,Touring Frames,"LL Touring Frame - Blue, 50",Blue,199.85,333.42
503,컴포넌트,Touring Frames,"LL Touring Frame - Blue, 54",Blue,199.85,333.42
504,컴포넌트,Touring Frames,"LL Touring Frame - Blue, 58",Blue,199.85,333.42
505,컴포넌트,Touring Frames,"LL Touring Frame - Blue, 62",Blue,199.8519,333.42
506,컴포넌트,Touring Frames,"LL Touring Frame - Yellow, 44",Yellow,199.8519,333.42
507,컴포넌트,Touring Frames,"LL Touring Frame - Yellow, 50",Yellow,199.8519,333.42
508,컴포넌트,Touring Frames,"LL Touring Frame - Yellow, 54",Yellow,199.8519,333.42
509,컴포넌트,Touring Frames,"LL Touring Frame - Yellow, 58",Yellow,199.8519,333.42
510,컴포넌트,Touring Frames,"LL Touring Frame - Blue, 44",Blue,199.8519,333.42
511,컴포넌트,Mountain Frames,"ML Mountain Frame-W - Silver, 40",Silver,199.3757,364.09
512,컴포넌트,Mountain Frames,"ML Mountain Frame-W - Silver, 42",Silver,199.3757,364.09
513,컴포넌트,Mountain Frames,"ML Mountain Frame-W - Silver, 46",Silver,199.3757,364.09
514,컴포넌트,Brakes,Rear Brakes,Silver,47.286,106.5
515,컴포넌트,Saddles,LL Mountain Seat/Saddle,NA,12.0413,27.12
516,컴포넌트,Saddles,ML Mountain Seat/Saddle,NA,17.3782,39.14
517,컴포넌트,Saddles,HL Mountain Seat/Saddle,NA,23.3722,52.64
518,컴포넌트,Saddles,LL Road Seat/Saddle,NA,12.0413,27.12
519,컴포넌트,Saddles,ML Road Seat/Saddle,NA,17.3782,39.14
520,컴포넌트,Saddles,HL Road Seat/Saddle,NA,23.3722,52.64
521,컴포넌트,Saddles,LL Touring Seat/Saddle,NA,12.0413,27.12
522,컴포넌트,Saddles,ML Touring Seat/Saddle,NA,17.3782,39.14
523,컴포넌트,Saddles,HL Touring Seat/Saddle,NA,23.3722,52.64
524,컴포넌트,Mountain Frames,"LL Mountain Frame - Silver, 42",Silver,144.5938,264.05
525,컴포넌트,Mountain Frames,"LL Mountain Frame - Silver, 44",Silver,144.5938,264.05
526,컴포넌트,Mountain Frames,"LL Mountain Frame - Silver, 48",Silver,144.5938,264.05
527,컴포넌트,Mountain Frames,"LL Mountain Frame - Silver, 52",Silver,144.5938,264.05
528,액세서리,Tires and Tubes,Mountain Tire Tube,NA,1.8663,4.99
529,액세서리,Tires and Tubes,Road Tire Tube,NA,1.4923,3.99
530,액세서리,Tires and Tubes,Touring Tire Tube,NA,1.8663,4.99
531,컴포넌트,Mountain Frames,"LL Mountain Frame - Black, 42",Black,136.785,249.79
532,컴포넌트,Mountain Frames,"LL Mountain Frame - Black, 44",Black,136.785,249.79
533,컴포넌트,Mountain Frames,"LL Mountain Frame - Black, 48",Black,136.785,249.79
534,컴포넌트,Mountain Frames,"LL Mountain Frame - Black, 52",Black,136.785,249.79
535,액세서리,Tires and Tubes,LL Mountain Tire,NA,9.3463,10.99
536,액세서리,Tires and Tubes,ML Mountain Tire,NA,11.2163,29.99
537,액세서리,Tires and Tubes,HL Mountain Tire,NA,13.09,35
538,액세서리,Tires and Tubes,LL Road Tire,NA,8.0373,11.49
539,액세서리,Tires and Tubes,ML Road Tire,NA,9.3463,14.99
540,액세서리,Tires and Tubes,HL Road Tire,NA,12.1924,22.6
541,액세서리,Tires and Tubes,Touring Tire,NA,10.8423,18.99
542,컴포넌트,Pedals,LL Mountain Pedal,Silver/Black,17.9776,40.49
543,컴포넌트,Pedals,ML Mountain Pedal,Silver/Black,27.568,62.09
544,컴포넌트,Pedals,HL Mountain Pedal,Silver/Black,35.9596,80.99
545,컴포넌트,Pedals,LL Road Pedal,Silver/Black,17.9776,40.49
546,컴포넌트,Pedals,ML Road Pedal,Silver/Black,27.568,62.09
547,컴포넌트,Pedals,HL Road Pedal,Silver/Black,35.9596,80.99
548,컴포넌트,Pedals,Touring Pedal,Silver/Black,35.9596,80.99
549,컴포넌트,Mountain Frames,"ML Mountain Frame-W - Silver, 38",Silver,199.3757,364.09
550,컴포넌트,Mountain Frames,"LL Mountain Frame - Black, 40",Black,136.785,249.79
551,컴포넌트,Mountain Frames,"LL Mountain Frame - Silver, 40",Silver,144.5938,264.05
552,컴포넌트,Derailleurs,Front Derailleur,Silver,40.6216,91.49
553,컴포넌트,Handlebars,LL Touring Handlebars,NA,20.464,46.09
554,컴포넌트,Handlebars,HL Touring Handlebars,NA,40.6571,91.57
555,컴포넌트,Brakes,Front Brakes,Silver,47.286,106.5
556,컴포넌트,Cranksets,LL Crankset,Black,77.9176,175.49
557,컴포넌트,Cranksets,ML Crankset,Black,113.8816,256.49
558,컴포넌트,Cranksets,HL Crankset,Black,179.8156,404.99
559,컴포넌트,Chains,Chain,Silver,8.9866,20.24
560,자전거,Touring Bikes,"Touring-2000 Blue, 60",Blue,755.1508,1214.85
561,자전거,Touring Bikes,"Touring-1000 Yellow, 46",Yellow,1481.9379,2384.07
562,자전거,Touring Bikes,"Touring-1000 Yellow, 50",Yellow,1481.9379,2384.07
563,자전거,Touring Bikes,"Touring-1000 Yellow, 54",Yellow,1481.9379,2384.07
564,자전거,Touring Bikes,"Touring-1000 Yellow, 60",Yellow,1481.9379,2384.07
565,자전거,Touring Bikes,"Touring-3000 Blue, 54",Blue,461.4448,742.35
566,자전거,Touring Bikes,"Touring-3000 Blue, 58",Blue,461.4448,742.35
567,자전거,Touring Bikes,"Touring-3000 Blue, 62",Blue,461.4448,742.35
568,자전거,Touring Bikes,"Touring-3000 Yellow, 44",Yellow,461.4448,742.35
569,자전거,Touring Bikes,"Touring-3000 Yellow, 50",Yellow,461.4448,742.35
570,자전거,Touring Bikes,"Touring-3000 Yellow, 54",Yellow,461.4448,742.35
571,자전거,Touring Bikes,"Touring-3000 Yellow, 58",Yellow,461.4448,742.35
572,자전거,Touring Bikes,"Touring-3000 Yellow, 62",Yellow,461.4448,742.35
573,자전거,Touring Bikes,"Touring-1000 Blue, 46",Blue,1481.9379,2384.07
574,자전거,Touring Bikes,"Touring-1000 Blue, 50",Blue,1481.9379,2384.07
575,자전거,Touring Bikes,"Touring-1000 Blue, 54",Blue,1481.9379,2384.07
576,자전거,Touring Bikes,"Touring-1000 Blue, 60",Blue,1481.9379,2384.07
577,자전거,Touring Bikes,"Touring-2000 Blue, 46",Blue,755.1508,1214.85
578,자전거,Touring Bikes,"Touring-2000 Blue, 50",Blue,755.1508,1214.85
579,자전거,Touring Bikes,"Touring-2000 Blue, 54",Blue,755.1508,1214.85
580,자전거,Road Bikes,"Road-350-W Yellow, 40",Yellow,1082.51,1700.99
581,자전거,Road Bikes,"Road-350-W Yellow, 42",Yellow,1082.51,1700.99
582,자전거,Road Bikes,"Road-350-W Yellow, 44",Yellow,1082.51,1700.99
583,자전거,Road Bikes,"Road-350-W Yellow, 48",Yellow,1082.51,1700.99
584,자전거,Road Bikes,"Road-750 Black, 58",Black,343.6496,539.99
585,자전거,Touring Bikes,"Touring-3000 Blue, 44",Blue,461.4448,742.35
586,자전거,Touring Bikes,"Touring-3000 Blue, 50",Blue,461.4448,742.35
587,자전거,Mountain Bikes,"Mountain-400-W Silver, 38",Silver,419.7784,769.49
588,자전거,Mountain Bikes,"Mountain-400-W Silver, 40",Silver,419.7784,769.49
589,자전거,Mountain Bikes,"Mountain-400-W Silver, 42",Silver,419.7784,769.49
590,자전거,Mountain Bikes,"Mountain-400-W Silver, 46",Silver,419.7784,769.49
591,자전거,Mountain Bikes,"Mountain-500 Silver, 40",Silver,308.2179,564.99
592,자전거,Mountain Bikes,"Mountain-500 Silver, 42",Silver,308.2179,564.99
593,자전거,Mountain Bikes,"Mountain-500 Silver, 44",Silver,308.2179,564.99
594,자전거,Mountain Bikes,"Mountain-500 Silver, 48",Silver,308.2179,564.99
595,자전거,Mountain Bikes,"Mountain-500 Silver, 52",Silver,308.2179,564.99
596,자전거,Mountain Bikes,"Mountain-500 Black, 40",Black,294.5797,539.99
597,자전거,Mountain Bikes,"Mountain-500 Black, 42",Black,294.5797,539.99
598,자전거,Mountain Bikes,"Mountain-500 Black, 44",Black,294.5797,539.99
599,자전거,Mountain Bikes,"Mountain-500 Black, 48",Black,294.5797,539.99
600,자전거,Mountain Bikes,"Mountain-500 Black, 52",Black,294.5797,539.99
601,컴포넌트,Bottom Brackets,LL Bottom Bracket,NA,23.9716,53.99
602,컴포넌트,Bottom Brackets,ML Bottom Bracket,NA,44.9506,101.24
603,컴포넌트,Bottom Brackets,HL Bottom Bracket,NA,53.9416,121.49
604,자전거,Road Bikes,"Road-750 Black, 44",Black,343.6496,539.99
605,자전거,Road Bikes,"Road-750 Black, 48",Black,343.6496,539.99
606,자전거,Road Bikes,"Road-750 Black, 52",Black,343.6496,539.99
